merchant_name,keyword,keyword_created_at,keyword_updated_at
13cabs,13 CABS,2026-07-06T01:32:02+00:00,2026-07-06T01:32:02+00:00
13cabs,13Cabs,2026-07-03T09:40:31+00:00,2026-07-03T09:40:31+00:00
21Laps Performance Training,21LAPS PERFORMANCE,2026-07-03T03:13:27+00:00,2026-07-03T03:13:27+00:00
21Laps Performance Training,21Laps Performance Training,2026-07-03T03:13:27+00:00,2026-07-03T03:13:27+00:00
7-Eleven,7-Eleven,2026-07-03T03:13:27+00:00,2026-07-03T03:13:27+00:00
7-Eleven,7eleven,2026-07-06T01:34:08+00:00,2026-07-06T01:34:08+00:00
7-Eleven,SEVEN-ELEVEN,2026-07-06T01:32:01+00:00,2026-07-06T01:32:01+00:00
AAMI,AAMI,2026-07-06T05:53:32+00:00,2026-07-06T05:53:32+00:00
ADENCO,ADENCO,2026-07-06T09:17:44+00:00,2026-07-06T09:17:44+00:00
AFF Holdco Pty Ltd,AFF Holdco,2026-07-06T09:17:44+00:00,2026-07-06T09:17:44+00:00
AFF Holdco Pty Ltd,AFF Holdco Pty Ltd,2026-07-06T09:17:44+00:00,2026-07-06T09:17:44+00:00
AGL,AGL,2026-07-06T03:54:42+00:00,2026-07-06T03:54:42+00:00
AGL,AGL ENERGY,2026-07-06T03:50:20+00:00,2026-07-06T03:50:20+00:00
AGL,AGL SALES,2026-07-06T03:55:13+00:00,2026-07-06T03:55:13+00:00
AHS Hospitality,AHS Hospitality,2026-07-06T07:10:41+00:00,2026-07-06T07:10:41+00:00
ALDI,ALDI,2026-07-03T03:13:27+00:00,2026-07-03T03:13:27+00:00
ALDI,ALDI STORES,2026-07-06T01:32:00+00:00,2026-07-06T01:32:00+00:00
ALH Group,Www.Alhgroup.Com*,2026-07-03T09:32:09+00:00,2026-07-03T09:32:09+00:00
ALH Hotels,ALH GROUP,2026-07-06T01:32:02+00:00,2026-07-06T01:32:02+00:00
ALH Hotels,ALH Hotels,2026-07-03T03:13:27+00:00,2026-07-03T03:13:27+00:00
ALH Hotels,ALH VENUES,2026-07-03T03:13:27+00:00,2026-07-03T03:13:27+00:00
ALH Hotels,ALH VENUES/DAVID LOW W,2026-07-03T07:57:13+00:00,2026-07-03T07:57:13+00:00
Accessability WA,Accessability WA,2026-07-06T07:10:41+00:00,2026-07-06T07:10:41+00:00
ActewAGL,ActewAGL,2026-07-03T03:13:27+00:00,2026-07-03T03:13:27+00:00
ActewAGL,ActewAGL Retail,2026-07-03T03:13:27+00:00,2026-07-03T03:13:27+00:00
Adairs,ADAIRS,2026-07-06T06:20:33+00:00,2026-07-06T06:20:33+00:00
Adobe,ADOBE,2026-07-06T05:54:59+00:00,2026-07-06T05:54:59+00:00
Afterpay,afterpay,2026-07-06T05:32:53+00:00,2026-07-06T05:32:53+00:00
Agoda,AGODA,2026-07-06T07:16:08+00:00,2026-07-06T07:16:08+00:00
Ailo Pay Pty Ltd,Ailo,2026-07-03T09:44:55+00:00,2026-07-03T09:44:55+00:00
Airbnb,AIRBNB,2026-07-06T06:54:06+00:00,2026-07-06T06:54:06+00:00
Alinta Energy,ALINTA,2026-07-06T03:53:03+00:00,2026-07-06T03:53:03+00:00
Alinta Energy,Alinta Energy,2026-07-06T03:50:42+00:00,2026-07-06T03:50:42+00:00
Allianz Australia,Allianz,2026-07-06T09:01:44+00:00,2026-07-06T09:01:44+00:00
Amazon,Amazon Prime,2026-07-06T02:26:20+00:00,2026-07-06T02:26:20+00:00
Amazon AU Retail,AMAZON AU RETAIL,2026-07-03T08:01:41+00:00,2026-07-03T08:01:41+00:00
Amazon Australia,Amazon,2026-07-06T07:10:41+00:00,2026-07-06T07:10:41+00:00
Amazon Australia,Amazon Australia,2026-07-06T07:10:41+00:00,2026-07-06T07:10:41+00:00
Amazon Australia,amazon.com.au,2026-07-06T02:24:47+00:00,2026-07-06T02:24:47+00:00
Amcal,AMCAL,2026-07-06T05:42:17+00:00,2026-07-06T05:42:17+00:00
Ampol,AMPOL,2026-07-03T09:45:49+00:00,2026-07-03T09:45:49+00:00
Ampol,AMPOL FOODARY,2026-07-06T01:34:21+00:00,2026-07-06T01:34:21+00:00
Ampol,FOODARY,2026-07-06T01:34:21+00:00,2026-07-06T01:34:21+00:00
Anaconda,ANACONDA,2026-07-06T05:40:58+00:00,2026-07-06T05:40:58+00:00
Anita Gelato,Ls Anita Gelato,2026-07-03T08:59:51+00:00,2026-07-03T08:59:51+00:00
Anytime Fitness,Anytime Fitness,2026-07-06T02:28:09+00:00,2026-07-06T02:28:09+00:00
Anytime Fitness Australia,Anytime Fitness Australia,2026-07-06T07:10:41+00:00,2026-07-06T07:10:41+00:00
Apple,APPLE STORE,2026-07-06T01:34:21+00:00,2026-07-06T01:34:21+00:00
Apple,APPLE.COM/BILL,2026-07-03T03:13:27+00:00,2026-07-03T03:13:27+00:00
Apple,Apple,2026-07-03T03:13:27+00:00,2026-07-03T03:13:27+00:00
Apple,Apple.Com,2026-07-06T01:32:35+00:00,2026-07-06T01:32:35+00:00
Apple,Apple.Com/Bi,2026-07-03T03:13:27+00:00,2026-07-03T03:13:27+00:00
Applus RTD Pty Ltd,Applus RTD,2026-07-06T09:17:44+00:00,2026-07-06T09:17:44+00:00
Applus RTD Pty Ltd,Applus RTD Pty Ltd,2026-07-06T09:17:44+00:00,2026-07-06T09:17:44+00:00
Audible,Audible,2026-07-06T07:18:09+00:00,2026-07-06T07:18:09+00:00
Aurora Energy,Aurora Energy,2026-07-06T07:10:41+00:00,2026-07-06T07:10:41+00:00
Aussie Broadband,Aussie Broadband,2026-07-06T06:19:56+00:00,2026-07-06T06:19:56+00:00
Australia Post,AUS post,2026-07-06T01:32:35+00:00,2026-07-06T01:32:35+00:00
Australia Post,AUSPOST,2026-07-06T01:32:35+00:00,2026-07-06T01:32:35+00:00
Australia Post,Australia Post,2026-07-06T01:32:35+00:00,2026-07-06T01:32:35+00:00
Australia Post,Australian Postal Corp,2026-07-03T07:39:26+00:00,2026-07-03T07:39:26+00:00
Australia Post MyPost Business,Australia Post MyPost Business,2026-07-03T03:13:27+00:00,2026-07-03T03:13:27+00:00
Australia Post MyPost Business,My Post Business,2026-07-03T03:13:27+00:00,2026-07-03T03:13:27+00:00
Autobarn,AUTOBARN,2026-07-06T05:37:03+00:00,2026-07-06T05:37:03+00:00
Avis,Avis,2026-07-06T08:56:49+00:00,2026-07-06T08:56:49+00:00
BCF,BCF,2026-07-03T09:52:42+00:00,2026-07-03T09:52:42+00:00
BHP,BHP,2026-07-06T07:10:41+00:00,2026-07-06T07:10:41+00:00
BIG W,BIG W,2026-07-03T03:13:27+00:00,2026-07-03T03:13:27+00:00
BIG W,BIGW,2026-07-06T01:32:01+00:00,2026-07-06T01:32:01+00:00
BIG W,Big W/High Street,2026-07-03T08:11:21+00:00,2026-07-03T08:11:21+00:00
BP,BP,2026-07-06T01:51:44+00:00,2026-07-06T01:51:44+00:00
BP,BP EXP,2026-07-06T03:02:45+00:00,2026-07-06T03:02:45+00:00
BTC Markets,BTC Markets,2026-07-06T03:32:07+00:00,2026-07-06T03:32:07+00:00
BWS,BWS,2026-07-03T03:13:27+00:00,2026-07-03T03:13:27+00:00
Bakers Delight,BAKER DELIGHT,2026-07-06T03:36:59+00:00,2026-07-06T03:36:59+00:00
Bakers Delight,BAKERS DELIGHT,2026-07-06T03:33:19+00:00,2026-07-06T03:33:19+00:00
Bank of Queensland,Bank of Queensland,2026-07-06T07:10:41+00:00,2026-07-06T07:10:41+00:00
Bartons,Bartons,2026-07-06T09:17:44+00:00,2026-07-06T09:17:44+00:00
Baycorp,Baycorp,2026-07-03T03:13:27+00:00,2026-07-03T03:13:27+00:00
Beam Mobility,Beam Mobility,2026-07-03T03:13:27+00:00,2026-07-03T03:13:27+00:00
Beauty By Rachael-Lee,Zlr*Beauty By Rachael,2026-07-03T08:57:55+00:00,2026-07-03T08:57:55+00:00
Bechtel,Bechtel,2026-07-06T07:10:41+00:00,2026-07-06T07:10:41+00:00
Beforepay,Beforepay,2026-07-03T09:40:20+00:00,2026-07-03T09:40:20+00:00
Beforepay,before pay,2026-07-06T01:32:01+00:00,2026-07-06T01:32:01+00:00
Belong,Belong,2026-07-06T06:50:24+00:00,2026-07-06T06:50:24+00:00
Bendigo Bank,Bendigo Bank,2026-07-06T07:10:41+00:00,2026-07-06T07:10:41+00:00
Bennett's Petroleum,Bennett's Petroleum,2026-07-03T03:13:27+00:00,2026-07-03T03:13:27+00:00
Benzie's Cafe,BENZIE?S,2026-07-03T08:14:51+00:00,2026-07-03T08:14:51+00:00
Bernie's Pet Barn,PET BARN,2026-07-06T03:12:57+00:00,2026-07-06T03:12:57+00:00
Best&Less,BEST AND LESS,2026-07-03T09:43:22+00:00,2026-07-03T09:43:22+00:00
Best&Less,BEST&LESS,2026-07-03T09:43:51+00:00,2026-07-03T09:43:51+00:00
Betfair,Betfair,2026-07-06T06:32:09+00:00,2026-07-06T06:32:09+00:00
BetterMe,BETTERME,2026-07-06T06:46:31+00:00,2026-07-06T06:46:31+00:00
Betty's Burgers,BETTYS BURGERS,2026-07-06T03:26:51+00:00,2026-07-06T03:26:51+00:00
Betty's Burgers,betty s burgers,2026-07-06T03:24:57+00:00,2026-07-06T03:24:57+00:00
Black & White Cabs,Black & White Cabs,2026-07-06T07:10:41+00:00,2026-07-06T07:10:41+00:00
Blooms The Chemis,BLOOMS THE CHEMIST,2026-07-06T02:46:55+00:00,2026-07-06T02:46:55+00:00
BlueBet,BlueBet,2026-07-06T05:55:36+00:00,2026-07-06T05:55:36+00:00
Bolton Clarke,Bolton Clarke,2026-07-06T07:10:41+00:00,2026-07-06T07:10:41+00:00
Booking.com,Booking.com,2026-07-06T07:11:39+00:00,2026-07-06T07:11:39+00:00
Boost Juice Willows,BOOST XP,2026-07-06T01:34:08+00:00,2026-07-06T01:34:08+00:00
Boost Juice Willows,Boost Juice,2026-07-03T09:46:23+00:00,2026-07-03T09:46:23+00:00
Boost Juice Willows,Boostjuice,2026-07-06T01:34:21+00:00,2026-07-06T01:34:21+00:00
Boost Mobile,Boost Prepaid,2026-07-06T08:50:58+00:00,2026-07-06T08:50:58+00:00
BossBet,BossBet,2026-07-03T03:13:27+00:00,2026-07-03T03:13:27+00:00
Budget Direct,Budget Direct,2026-07-06T08:46:14+00:00,2026-07-06T08:46:14+00:00
Budget Pet Products,BUDGET PET PRODUCTS,2026-07-06T03:23:10+00:00,2026-07-06T03:23:10+00:00
Budget Pet Products,Budgetpetpro,2026-07-06T07:23:32+00:00,2026-07-06T07:23:32+00:00
Bunnings,BUNNINGS,2026-07-06T03:41:26+00:00,2026-07-06T03:41:26+00:00
Bupa,BUPA,2026-07-06T06:20:14+00:00,2026-07-06T06:20:14+00:00
Bupa Australia,Bupa Australia,2026-07-06T07:10:41+00:00,2026-07-06T07:10:41+00:00
Byrnecut,Byrnecut,2026-07-06T07:10:41+00:00,2026-07-06T07:10:41+00:00
CFMEU Queensland & Northern Territory,CFMEU Queensland & Northern Territory,2026-07-03T03:13:27+00:00,2026-07-03T03:13:27+00:00
CFMEU Queensland & Northern Territory,CFMEUQ,2026-07-03T03:13:27+00:00,2026-07-03T03:13:27+00:00
CSE Uniserve Australia,CSE Uniserve,2026-07-06T07:10:41+00:00,2026-07-06T07:10:41+00:00
CSE Uniserve Australia,CSE Uniserve Australia,2026-07-06T07:10:41+00:00,2026-07-06T07:10:41+00:00
Cabcharge,Cabcharge,2026-07-06T06:22:22+00:00,2026-07-06T06:22:22+00:00
Caltex,Caltex,2026-07-03T03:13:27+00:00,2026-07-03T03:13:27+00:00
Canaccord Genuity Australia,Canaccord Genuity,2026-07-06T07:10:41+00:00,2026-07-06T07:10:41+00:00
Canaccord Genuity Australia,Canaccord Genuity Australia,2026-07-06T07:10:41+00:00,2026-07-06T07:10:41+00:00
Cantaloupe,Cantaloupe,2026-07-06T09:00:25+00:00,2026-07-06T09:00:25+00:00
Canva,Canva,2026-07-03T08:56:51+00:00,2026-07-03T08:56:51+00:00
Carmichael Ford,Carmichael Ford,2026-07-06T07:10:41+00:00,2026-07-06T07:10:41+00:00
Cash Converters,CASH CONVERTERS,2026-07-06T02:40:21+00:00,2026-07-06T02:40:21+00:00
Cash Converters,Cashies,2026-07-06T06:38:19+00:00,2026-07-06T06:38:19+00:00
Cash Train,Cash Train,2026-07-03T09:40:04+00:00,2026-07-03T09:40:04+00:00
Catch & Co,Catch,2026-07-06T01:54:29+00:00,2026-07-06T01:54:29+00:00
CellOPark,CellOPark,2026-07-06T07:16:26+00:00,2026-07-06T07:16:26+00:00
Champions Krav Maga Academy,CHAMPIONS KRAV MAGA,2026-07-03T03:13:27+00:00,2026-07-03T03:13:27+00:00
Champions Krav Maga Academy,Champions Krav Maga Academy,2026-07-03T03:13:27+00:00,2026-07-03T03:13:27+00:00
Chandler Macleod,Chandler Macleod,2026-07-06T07:10:41+00:00,2026-07-06T07:10:41+00:00
Chatime,Chatime,2026-07-06T05:37:44+00:00,2026-07-06T05:37:44+00:00
Chemist Warehouse,CHEMISTWAREHOUSE,2026-07-06T01:34:21+00:00,2026-07-06T01:34:21+00:00
Chemist Warehouse,CHEMISTWH,2026-07-06T01:32:00+00:00,2026-07-06T01:32:00+00:00
Chemist Warehouse,CWH,2026-07-03T07:03:30+00:00,2026-07-03T07:03:30+00:00
Chemist Warehouse,Chemist Warehouse,2026-07-03T03:13:27+00:00,2026-07-03T03:13:27+00:00
Chevron Australia,Chevron,2026-07-06T07:10:41+00:00,2026-07-06T07:10:41+00:00
Chevron Australia,Chevron Australia,2026-07-06T07:10:41+00:00,2026-07-06T07:10:41+00:00
Choice,Choice,2026-07-03T09:08:15+00:00,2026-07-03T09:08:15+00:00
Cignall,CIGNALL,2026-07-06T06:52:01+00:00,2026-07-06T06:52:01+00:00
Cigno Australia,Cigno,2026-07-03T09:48:14+00:00,2026-07-03T09:48:14+00:00
City of Greater Geraldton,CITY OF GRT GERALDTON,2026-07-03T09:31:11+00:00,2026-07-03T09:31:11+00:00
City of Kalgoorlie-Boulder,City of Kalgoorlie-Boulder,2026-07-06T09:17:44+00:00,2026-07-06T09:17:44+00:00
ClarityCheck,CLARITYCHECK.COM/AU,2026-07-03T03:13:27+00:00,2026-07-03T03:13:27+00:00
ClarityCheck,ClarityCheck,2026-07-03T03:13:27+00:00,2026-07-03T03:13:27+00:00
Clark Equipment,Clark Equipment,2026-07-06T09:17:44+00:00,2026-07-06T09:17:44+00:00
Clean Vibes,Clean Vibes,2026-07-06T07:10:41+00:00,2026-07-06T07:10:41+00:00
Club Lime,Club Lime,2026-07-06T08:52:04+00:00,2026-07-06T08:52:04+00:00
Coca-Cola Europacific Partners,CCEP,2026-07-06T06:36:27+00:00,2026-07-06T06:36:27+00:00
Coca-Cola Europacific Partners,CocaColaEPP,2026-07-06T03:59:08+00:00,2026-07-06T03:59:08+00:00
CoinSpot,COINSPOT,2026-07-06T05:36:13+00:00,2026-07-06T05:36:13+00:00
Coinbase,coinbase,2026-07-06T06:19:17+00:00,2026-07-06T06:19:17+00:00
Coles,COLES 4595,2026-07-03T07:54:48+00:00,2026-07-03T07:54:48+00:00
Coles,COLES ONLINE,2026-07-06T01:32:01+00:00,2026-07-06T01:32:01+00:00
Coles,Coles,2026-07-03T03:13:27+00:00,2026-07-03T03:13:27+00:00
Coles Supermarket,Coles Supermarket,2026-07-06T07:10:41+00:00,2026-07-06T07:10:41+00:00
Commonwealth Bank,Commonwealth Bank,2026-07-06T07:10:41+00:00,2026-07-06T07:10:41+00:00
Compass Group Australia,COMPASSMCARTHURRIVER,2026-07-03T03:13:27+00:00,2026-07-03T03:13:27+00:00
Compass Group Australia,Compass Group Australia,2026-07-03T03:13:27+00:00,2026-07-03T03:13:27+00:00
Cornetts IGA,CORNETTS,2026-07-06T02:14:12+00:00,2026-07-06T02:14:12+00:00
Cornetts Supermarkets,CORNETTS SUPERMARKET,2026-07-06T02:10:05+00:00,2026-07-06T02:10:05+00:00
Cornetts Supermarkets,CORNETTS SUPERMARKETS,2026-07-06T02:12:27+00:00,2026-07-06T02:12:27+00:00
Costco,COSTCO,2026-07-06T06:53:44+00:00,2026-07-06T06:53:44+00:00
Costco Australia,Costco Australia,2026-07-06T07:10:41+00:00,2026-07-06T07:10:41+00:00
Cotton On,Cotton On,2026-07-03T08:59:20+00:00,2026-07-03T08:59:20+00:00
Credit Corp,CREDIT CORP FINS,2026-07-06T01:32:01+00:00,2026-07-06T01:32:01+00:00
Credit Corp,CREDITCORPGROUP,2026-07-03T03:13:27+00:00,2026-07-03T03:13:27+00:00
Credit Corp,CREDITCORPGROUP QB,2026-07-03T07:52:03+00:00,2026-07-03T07:52:03+00:00
Credit Corp,Credit Corp,2026-07-03T03:13:27+00:00,2026-07-03T03:13:27+00:00
Credit Corp,Credit Corp Fina,2026-07-03T03:13:27+00:00,2026-07-03T03:13:27+00:00
Credit24,Credit24,2026-07-06T05:49:38+00:00,2026-07-06T05:49:38+00:00
Credit24,credit 24,2026-07-06T06:35:13+00:00,2026-07-06T06:35:13+00:00
Crown Melbourne,Crown Melbourne,2026-07-06T07:10:41+00:00,2026-07-06T07:10:41+00:00
Crown Perth,Crown Perth,2026-07-06T07:10:41+00:00,2026-07-06T07:10:41+00:00
Crown Sydney,Crown Syd Hotel,2026-07-03T03:13:27+00:00,2026-07-03T03:13:27+00:00
Crown Sydney,Crown Sydney,2026-07-03T03:13:27+00:00,2026-07-03T03:13:27+00:00
Crust Pizza,Crust,2026-07-06T08:51:38+00:00,2026-07-06T08:51:38+00:00
DDH Drilling,DDH Drilling,2026-07-06T07:10:41+00:00,2026-07-06T07:10:41+00:00
DSI Underground,DSI Underground,2026-07-06T07:10:41+00:00,2026-07-06T07:10:41+00:00
Dabble,Dabble,2026-07-06T05:49:22+00:00,2026-07-06T05:49:22+00:00
Dan Murphy's,DAN MURPHY,2026-07-03T09:43:03+00:00,2026-07-03T09:43:03+00:00
Dan Murphy's,DAN MURPHYS,2026-07-03T09:43:38+00:00,2026-07-03T09:43:38+00:00
Dan Murphy's,DANMURPHYS,2026-07-06T01:32:02+00:00,2026-07-06T01:32:02+00:00
Dan Murphy's,dan murphy s,2026-07-06T01:32:00+00:00,2026-07-06T01:32:00+00:00
Darley Aluminium,Darley Aluminium,2026-07-06T09:17:44+00:00,2026-07-06T09:17:44+00:00
David Jones,DAVID JONES LIMITED,2026-07-03T03:13:27+00:00,2026-07-03T03:13:27+00:00
David Jones,David Jones,2026-07-03T03:13:27+00:00,2026-07-03T03:13:27+00:00
Deliveroo,Deliveroo,2026-07-06T08:58:10+00:00,2026-07-06T08:58:10+00:00
DiDi,DIDI MOBILITY,2026-07-06T01:32:01+00:00,2026-07-06T01:32:01+00:00
DiDi,DIDIMOBILIT,2026-07-06T01:32:35+00:00,2026-07-06T01:32:35+00:00
DiDi,DiDi,2026-07-03T03:13:27+00:00,2026-07-03T03:13:27+00:00
DiDi,DiDiMobility,2026-07-03T03:13:27+00:00,2026-07-03T03:13:27+00:00
DiDi Australia,DiDi Australia,2026-07-06T07:10:41+00:00,2026-07-06T07:10:41+00:00
Diamante Weng,DIAMANTE WENG PTY LTD,2026-07-03T03:13:27+00:00,2026-07-03T03:13:27+00:00
Diamante Weng,Diamante Weng,2026-07-03T03:13:27+00:00,2026-07-03T03:13:27+00:00
Dick Smith,Dick Smith,2026-07-03T09:54:37+00:00,2026-07-03T09:54:37+00:00
Dinnerly,DINNERLY,2026-07-06T06:51:23+00:00,2026-07-06T06:51:23+00:00
Disney+,DISNEY PLUS,2026-07-06T02:44:49+00:00,2026-07-06T02:44:49+00:00
Disney+,Disney,2026-07-06T02:48:34+00:00,2026-07-06T02:48:34+00:00
Dodo,Dodo,2026-07-06T08:48:31+00:00,2026-07-06T08:48:31+00:00
Dodo Power & Gas,DODO POWER &amp,2026-07-06T07:12:57+00:00,2026-07-06T07:12:57+00:00
Domino's,DOMINO,2026-07-06T03:09:48+00:00,2026-07-06T03:09:48+00:00
Domino's,DOMINO'S ESTORE,2026-07-06T03:09:56+00:00,2026-07-06T03:09:56+00:00
Domino's,Dominos,2026-07-06T03:09:31+00:00,2026-07-06T03:09:31+00:00
Domino's,Dominos Estore,2026-07-06T03:10:06+00:00,2026-07-06T03:10:06+00:00
Domino's,domino s,2026-07-06T03:08:28+00:00,2026-07-06T03:08:28+00:00
Donut King,Donut King,2026-07-06T06:41:53+00:00,2026-07-06T06:41:53+00:00
DoorDash,DASHPASS,2026-07-06T08:44:35+00:00,2026-07-06T08:44:35+00:00
DoorDash,DOORDASH,2026-07-06T07:23:32+00:00,2026-07-06T07:23:32+00:00
DoorDash,Door dash,2026-07-06T06:32:34+00:00,2026-07-06T06:32:34+00:00
Downer Group,Downer,2026-07-06T07:10:41+00:00,2026-07-06T07:10:41+00:00
Downer Group,Downer Group,2026-07-06T07:10:41+00:00,2026-07-06T07:10:41+00:00
Drakes Supermarkets,DRAKES,2026-07-06T06:39:35+00:00,2026-07-06T06:39:35+00:00
Dropbox,Dropbox,2026-07-06T06:26:00+00:00,2026-07-06T06:26:00+00:00
Dunning's Fuel,DUN DIRECT PTY LTD,2026-07-03T03:13:27+00:00,2026-07-03T03:13:27+00:00
Dunning's Fuel,DUNNINGS,2026-07-03T03:13:27+00:00,2026-07-03T03:13:27+00:00
Dunning's Fuel,Dunning's Fuel,2026-07-03T03:13:27+00:00,2026-07-03T03:13:27+00:00
EB Games,EB GAMES,2026-07-03T09:50:49+00:00,2026-07-03T09:50:49+00:00
ECA Training Pty. Limited,ECA Training,2026-07-06T07:10:41+00:00,2026-07-06T07:10:41+00:00
ECA Training Pty. Limited,ECA Training Pty. Limited,2026-07-06T07:10:41+00:00,2026-07-06T07:10:41+00:00
EG Group,EG GROUP,2026-07-03T08:09:22+00:00,2026-07-03T08:09:22+00:00
Eastern Health,Eastern Health,2026-07-06T07:10:41+00:00,2026-07-06T07:10:41+00:00
EasyPark,EasyPark,2026-07-06T06:21:43+00:00,2026-07-06T06:21:43+00:00
Egis Consulting Pty Ltd,Egis Consulting,2026-07-06T09:17:44+00:00,2026-07-06T09:17:44+00:00
Egis Consulting Pty Ltd,Egis Consulting Pty Ltd,2026-07-06T09:17:44+00:00,2026-07-06T09:17:44+00:00
Electra Lift,Electra Lift,2026-07-06T09:17:44+00:00,2026-07-06T09:17:44+00:00
Elgas Limited,ELGAS LIMITED,2026-07-03T07:57:56+00:00,2026-07-03T07:57:56+00:00
Eneba,Eneba,2026-07-06T06:47:21+00:00,2026-07-06T06:47:21+00:00
EnergyAustralia,ENERGYAUSTRALIA,2026-07-06T03:56:07+00:00,2026-07-06T03:56:07+00:00
EnergyAustralia,Energy Australia,2026-07-06T03:46:17+00:00,2026-07-06T03:46:17+00:00
Envigor,Envigor,2026-07-06T09:17:44+00:00,2026-07-06T09:17:44+00:00
Ergon Energy,ERGON,2026-07-06T03:48:57+00:00,2026-07-06T03:48:57+00:00
Ergon Energy,ERGON ENERGY,2026-07-06T03:47:53+00:00,2026-07-06T03:47:53+00:00
Event Cinemas,Event Cinemas,2026-07-06T03:01:16+00:00,2026-07-06T03:01:16+00:00
Event Cinemas Garden City,EVENT GARDEN CITY,2026-07-03T09:32:49+00:00,2026-07-03T09:32:49+00:00
F45 Training,F45,2026-07-06T03:02:02+00:00,2026-07-06T03:02:02+00:00
F45 Training,F45 TRAINING,2026-07-06T03:00:27+00:00,2026-07-06T03:00:27+00:00
Fair Go Finance,Fair Go,2026-07-03T08:11:46+00:00,2026-07-03T08:11:46+00:00
Fair Go Finance,Fair Go Finance,2026-07-03T08:11:02+00:00,2026-07-03T08:11:02+00:00
Fernwood Fitness,FERNWOOD,2026-07-06T02:30:45+00:00,2026-07-06T02:30:45+00:00
Fernwood Fitness,FERNWOOD FITNESS,2026-07-06T02:28:43+00:00,2026-07-06T02:28:43+00:00
Fill n Go,FILL N GO PTY LTD,2026-07-03T03:13:27+00:00,2026-07-03T03:13:27+00:00
Fill n Go,Fill n Go,2026-07-03T03:13:27+00:00,2026-07-03T03:13:27+00:00
Findo,FINDO FIND MY,2026-07-03T03:13:27+00:00,2026-07-03T03:13:27+00:00
Findo,Findo,2026-07-03T03:13:27+00:00,2026-07-03T03:13:27+00:00
Finelo Limited,STP*V*fineloapp,2026-07-03T09:37:49+00:00,2026-07-03T09:37:49+00:00
First Choice Liquor Market,First Choice Liquor Market,2026-07-06T07:10:41+00:00,2026-07-06T07:10:41+00:00
First Choice Quality Meats,FIRST CHOICE,2026-07-06T02:03:31+00:00,2026-07-06T02:03:31+00:00
Fishbowl,FISHBOWL,2026-07-06T07:15:00+00:00,2026-07-06T07:15:00+00:00
Fitness Cartel Health Clubs,Fitness Cartel,2026-07-06T02:14:56+00:00,2026-07-06T02:14:56+00:00
Fitness First,FITNESSFIRST,2026-07-06T02:48:48+00:00,2026-07-06T02:48:48+00:00
Fitness First,Fitness First,2026-07-06T02:17:10+00:00,2026-07-06T02:17:10+00:00
Fitness First Australia,Fitness First Australia,2026-07-06T07:10:41+00:00,2026-07-06T07:10:41+00:00
Fitness Passport,Fitness Passport,2026-07-03T03:13:27+00:00,2026-07-03T03:13:27+00:00
Followmont Transport,Followmont Transport,2026-07-06T07:10:41+00:00,2026-07-06T07:10:41+00:00
FoodWorks,Foodworks,2026-07-06T06:42:08+00:00,2026-07-06T06:42:08+00:00
Fortescue,Fortescue,2026-07-06T07:10:41+00:00,2026-07-06T07:10:41+00:00
Foxtel,FOXTEL,2026-07-06T05:50:31+00:00,2026-07-06T05:50:31+00:00
Freechoice,FREE CHOICE,2026-07-06T02:31:30+00:00,2026-07-06T02:31:30+00:00
Freechoice,FREECHOICE,2026-07-06T02:35:50+00:00,2026-07-06T02:35:50+00:00
Friendly Grocer,FRIENDLY GROCER,2026-07-06T06:52:26+00:00,2026-07-06T06:52:26+00:00
Full Steam Cafe,FULL STEAM Windsor AUS,2026-07-06T06:51:09+00:00,2026-07-06T06:51:09+00:00
Fundo,Fundo,2026-07-03T03:13:27+00:00,2026-07-03T03:13:27+00:00
Fundo,Fundo Loans,2026-07-03T03:13:27+00:00,2026-07-03T03:13:27+00:00
G2A,G2A,2026-07-06T02:23:49+00:00,2026-07-06T02:23:49+00:00
G8 Education,G8 EDUCATION,2026-07-06T06:23:06+00:00,2026-07-06T06:23:06+00:00
GIO,GIO,2026-07-06T09:01:01+00:00,2026-07-06T09:01:01+00:00
Gami Chicken & Beer,GAMI,2026-07-06T02:59:25+00:00,2026-07-06T02:59:25+00:00
Gami Chicken & Beer,GAMI CHICKEN,2026-07-06T02:57:33+00:00,2026-07-06T02:57:33+00:00
Gardenscapes,GARDENSCAPES,2026-07-06T06:41:35+00:00,2026-07-06T06:41:35+00:00
Gelatissimo,Gelatissimo,2026-07-06T07:15:52+00:00,2026-07-06T07:15:52+00:00
Genesis Health + Fitness,Genesis Fitness,2026-07-06T07:10:41+00:00,2026-07-06T07:10:41+00:00
Genesis Health + Fitness,Genesis Health + Fitness,2026-07-06T07:10:41+00:00,2026-07-06T07:10:41+00:00
Genesis Health + Fitness,Genesis Wodonga,2026-07-06T06:38:05+00:00,2026-07-06T06:38:05+00:00
Glassons,Glassons,2026-07-03T03:13:27+00:00,2026-07-03T03:13:27+00:00
Glencore Australia,Glencore,2026-07-06T07:10:41+00:00,2026-07-06T07:10:41+00:00
Glencore Australia,Glencore Australia,2026-07-06T07:10:41+00:00,2026-07-06T07:10:41+00:00
Gloria Jean's Coffees,GLORIAJEANS,2026-07-06T03:22:23+00:00,2026-07-06T03:22:23+00:00
Gloria Jean's Coffees,gloria jean s,2026-07-06T03:21:47+00:00,2026-07-06T03:21:47+00:00
Gloria Jean's Coffees,gloria jeans,2026-07-06T03:22:16+00:00,2026-07-06T03:22:16+00:00
Gong Cha,GONG CHA,2026-07-06T06:17:44+00:00,2026-07-06T06:17:44+00:00
Goodlife Health Clubs,Goodlife,2026-07-03T07:46:50+00:00,2026-07-03T07:46:50+00:00
Goodlife Health Clubs,Goodlife Health Clubs,2026-07-06T07:10:41+00:00,2026-07-06T07:10:41+00:00
Goodstart Early Learning,GOODSTART,2026-07-06T06:25:03+00:00,2026-07-06T06:25:03+00:00
Google,GOOGLE ONE,2026-07-06T03:16:40+00:00,2026-07-06T03:16:40+00:00
Google,GOOGLE*GOOGLE,2026-07-06T06:42:53+00:00,2026-07-06T06:42:53+00:00
Google,Google TV,2026-07-06T06:44:13+00:00,2026-07-06T06:44:13+00:00
Google Australia,Google,2026-07-06T09:17:44+00:00,2026-07-06T09:17:44+00:00
Google Australia,Google Australia,2026-07-06T09:17:44+00:00,2026-07-06T09:17:44+00:00
Google Play,GooglePlay,2026-07-06T06:38:38+00:00,2026-07-06T06:38:38+00:00
Google Workspace,Google Workspace,2026-07-06T06:18:36+00:00,2026-07-06T06:18:36+00:00
Google Workspace,google gsuite,2026-07-06T06:07:12+00:00,2026-07-06T06:07:12+00:00
Grab,Grab,2026-07-03T09:50:11+00:00,2026-07-03T09:50:11+00:00
Great Southern Fuels,GREAT SOUTHERN FUELS,2026-07-03T09:34:36+00:00,2026-07-03T09:34:36+00:00
Green Leaves Early Learning,Green Leaves Early Learning,2026-07-06T07:10:41+00:00,2026-07-06T07:10:41+00:00
Grill'd,Grilld,2026-07-06T05:38:12+00:00,2026-07-06T05:38:12+00:00
Grill'd,grill d,2026-07-06T05:39:33+00:00,2026-07-06T05:39:33+00:00
Guildford Grammar School,Guildford Grammar,2026-07-06T07:10:41+00:00,2026-07-06T07:10:41+00:00
Guildford Grammar School,Guildford Grammar School,2026-07-06T07:10:41+00:00,2026-07-06T07:10:41+00:00
Guzman y Gomez,GUZMAN,2026-07-06T05:43:55+00:00,2026-07-06T05:43:55+00:00
Guzman y Gomez,GYG,2026-07-06T03:57:21+00:00,2026-07-06T03:57:21+00:00
Guzman y Gomez,Guzman Y,2026-07-06T05:43:43+00:00,2026-07-06T05:43:43+00:00
Guzman y Gomez,Guzman y Gomez,2026-07-06T05:43:29+00:00,2026-07-06T05:43:29+00:00
HBF,HBF,2026-07-06T09:12:27+00:00,2026-07-06T09:12:27+00:00
HCF,HCF,2026-07-06T07:10:41+00:00,2026-07-06T07:10:41+00:00
HOYTS,HOYTS,2026-07-06T01:32:35+00:00,2026-07-06T01:32:35+00:00
HOYTS,The Hoyts Corporatio,2026-07-03T08:58:48+00:00,2026-07-03T08:58:48+00:00
HP,HP Instant Ink,2026-07-03T09:55:09+00:00,2026-07-03T09:55:09+00:00
Happy Inn,Happy Inn,2026-07-03T09:11:22+00:00,2026-07-03T09:11:22+00:00
Harmoney,Harmoney,2026-07-03T03:13:27+00:00,2026-07-03T03:13:27+00:00
Harrup Park Country Club,HARRUP PARK COUNTRY,2026-07-03T09:39:16+00:00,2026-07-03T09:39:16+00:00
Hcfhealth,Hcfhealth,2026-07-03T09:08:54+00:00,2026-07-03T09:08:54+00:00
Hertz,Hertz,2026-07-06T06:58:57+00:00,2026-07-06T06:58:57+00:00
HomeRepair.net.au,HomeRepair.net.au,2026-07-06T09:17:44+00:00,2026-07-06T09:17:44+00:00
Hotels.com,Hotels.com,2026-07-06T07:10:41+00:00,2026-07-06T07:10:41+00:00
Hubbl,BINGE,2026-07-06T02:02:15+00:00,2026-07-06T02:02:15+00:00
Hubbl,HUBBL - BINGE,2026-07-03T09:36:30+00:00,2026-07-03T09:36:30+00:00
Humanitix,HUMANITIX,2026-07-06T06:51:40+00:00,2026-07-06T06:51:40+00:00
Hungry Jack's,HJs,2026-07-06T06:38:12+00:00,2026-07-06T06:38:12+00:00
Hungry Jack's,HUNGRY JACKS,2026-07-06T03:30:35+00:00,2026-07-06T03:30:35+00:00
Hungry Jack's,hungry jack s,2026-07-06T03:29:27+00:00,2026-07-06T03:29:27+00:00
IGA,IGA,2026-07-03T03:13:27+00:00,2026-07-03T03:13:27+00:00
IGA,IGA SUPERMARKET,2026-07-06T01:32:01+00:00,2026-07-06T01:32:01+00:00
IGA,SUPA IGA,2026-07-06T01:34:21+00:00,2026-07-06T01:34:21+00:00
IKEA,IKEA,2026-07-06T05:32:22+00:00,2026-07-06T05:32:22+00:00
ING Australia,ING Australia,2026-07-06T07:10:41+00:00,2026-07-06T07:10:41+00:00
JB Hi-Fi,JB HI FI,2026-07-03T09:54:00+00:00,2026-07-03T09:54:00+00:00
JB Hi-Fi,JB HIFI,2026-07-03T09:54:16+00:00,2026-07-03T09:54:16+00:00
JB Hi-Fi,JBHIFI,2026-07-06T01:32:02+00:00,2026-07-06T01:32:02+00:00
JD Sports,JD SPORTS,2026-07-06T02:27:10+00:00,2026-07-06T02:27:10+00:00
Jacaranda Finance,Jacaranda,2026-07-06T02:21:08+00:00,2026-07-06T02:21:08+00:00
Jacaranda Finance,Jacaranda finance,2026-07-06T02:19:24+00:00,2026-07-06T02:19:24+00:00
Jambrook Holdings Pty Ltd,JAMBROOK HOLDINGS PTY,2026-07-03T08:57:15+00:00,2026-07-03T08:57:15+00:00
Jay Jays,JAY JAYS,2026-07-03T09:44:23+00:00,2026-07-03T09:44:23+00:00
Jetstar,Jetstar,2026-07-06T07:08:38+00:00,2026-07-06T07:08:38+00:00
Jetts,JETTS,2026-07-06T05:50:57+00:00,2026-07-06T05:50:57+00:00
John Holland,John Holland,2026-07-06T07:10:41+00:00,2026-07-06T07:10:41+00:00
KFC,KENTUCKY FRIED CHICKEN,2026-07-06T01:32:02+00:00,2026-07-06T01:32:02+00:00
KFC,KFC,2026-07-03T03:13:27+00:00,2026-07-03T03:13:27+00:00
Kayo Sports,KAYO SPORTS,2026-07-06T02:22:08+00:00,2026-07-06T02:22:08+00:00
Kayo Sports,Kayo,2026-07-06T02:25:36+00:00,2026-07-06T02:25:36+00:00
Kennards Hire,Kennards Hire,2026-07-06T08:57:07+00:00,2026-07-06T08:57:07+00:00
KenoGo,KenoGO,2026-07-06T06:04:06+00:00,2026-07-06T06:04:06+00:00
King,Google*King,2026-07-06T06:42:23+00:00,2026-07-06T06:42:23+00:00
King,King SW,2026-07-06T07:23:32+00:00,2026-07-06T07:23:32+00:00
Klarna,Klarna,2026-07-06T06:58:18+00:00,2026-07-06T06:58:18+00:00
Kmart,Kmart,2026-07-03T03:13:27+00:00,2026-07-03T03:13:27+00:00
Kmart,Kmart 1097,2026-07-03T07:55:07+00:00,2026-07-03T07:55:07+00:00
Kogan.com,Kogan.com,2026-07-03T07:50:31+00:00,2026-07-03T07:50:31+00:00
Kogan.com,kogan,2026-07-06T02:01:49+00:00,2026-07-06T02:01:49+00:00
Krispy Kreme,Krispy Kreme,2026-07-06T07:17:06+00:00,2026-07-06T07:17:06+00:00
Ladbrokes,Ladbrokes,2026-07-06T07:23:32+00:00,2026-07-06T07:23:32+00:00
Ladbrokes,ladbrokes.com.au,2026-07-06T01:52:15+00:00,2026-07-06T01:52:15+00:00
Latitude,Latitude,2026-07-06T06:16:35+00:00,2026-07-06T06:16:35+00:00
LazerMoney,LazerMoney,2026-07-06T03:57:55+00:00,2026-07-06T03:57:55+00:00
Lendlease,Lendlease,2026-07-06T07:10:41+00:00,2026-07-06T07:10:41+00:00
Lindsay Transport,Lindsay Transport,2026-07-06T07:10:41+00:00,2026-07-06T07:10:41+00:00
Linkt,LINKT,2026-07-06T05:41:27+00:00,2026-07-06T05:41:27+00:00
Linkt,TRANSURBAN,2026-07-06T06:33:17+00:00,2026-07-06T06:33:17+00:00
Liquor Barons,Liquor Barons,2026-07-03T03:13:27+00:00,2026-07-03T03:13:27+00:00
Liquor Barons,Liquor Barons at Sunset,2026-07-03T07:36:53+00:00,2026-07-03T07:36:53+00:00
Liquorland,LIQUORLAND,2026-07-06T05:33:40+00:00,2026-07-06T05:33:40+00:00
Lowes,LOWES,2026-07-03T09:52:05+00:00,2026-07-03T09:52:05+00:00
Luerssen Australia,Luerssen Australia,2026-07-06T09:17:44+00:00,2026-07-06T09:17:44+00:00
Lynas Rare Earths,Lynas,2026-07-06T07:10:41+00:00,2026-07-06T07:10:41+00:00
Lynas Rare Earths,Lynas Rare Earths,2026-07-06T07:10:41+00:00,2026-07-06T07:10:41+00:00
MILKRUN,MILKRUN,2026-07-06T09:00:47+00:00,2026-07-06T09:00:47+00:00
MONSON Agencies Pty Ltd,MONSON Agencies Pty Ltd,2026-07-06T09:17:44+00:00,2026-07-06T09:17:44+00:00
MONSON Agencies Pty Ltd,Monson Agencies,2026-07-06T09:17:44+00:00,2026-07-06T09:17:44+00:00
Maali Group,Maali Group,2026-07-06T07:10:41+00:00,2026-07-06T07:10:41+00:00
Macpac,MACPAC,2026-07-06T06:19:35+00:00,2026-07-06T06:19:35+00:00
Macquarie Bank,Macquarie Bank,2026-07-06T07:10:41+00:00,2026-07-06T07:10:41+00:00
Mad Mex,MAD MEX,2026-07-06T05:34:01+00:00,2026-07-06T05:34:01+00:00
Mad Paws,Mad Paws,2026-07-06T07:10:41+00:00,2026-07-06T07:10:41+00:00
Mainbrace Constructions,Mainbrace Construction,2026-07-06T07:10:41+00:00,2026-07-06T07:10:41+00:00
Mainbrace Constructions,Mainbrace Constructions,2026-07-06T07:10:41+00:00,2026-07-06T07:10:41+00:00
McDonald's,MC DONALD'S,2026-07-06T01:32:35+00:00,2026-07-06T01:32:35+00:00
McDonald's,MC DONALDS,2026-07-06T01:32:35+00:00,2026-07-06T01:32:35+00:00
McDonald's,Maccas,2026-07-06T01:32:02+00:00,2026-07-06T01:32:02+00:00
McDonald's,McD,2026-07-06T01:34:21+00:00,2026-07-06T01:34:21+00:00
McDonald's,McDonald's,2026-07-03T03:13:27+00:00,2026-07-03T03:13:27+00:00
McDonald's,Mcdonald,2026-07-03T03:13:27+00:00,2026-07-03T03:13:27+00:00
McDonald's,Mcdonalds,2026-07-03T03:13:27+00:00,2026-07-03T03:13:27+00:00
McDonald's,macca s,2026-07-06T01:32:01+00:00,2026-07-06T01:32:01+00:00
MedAdvisor,MedAdvisor,2026-07-03T03:13:27+00:00,2026-07-03T03:13:27+00:00
Medibank,MEDIBANK,2026-07-06T05:54:33+00:00,2026-07-06T05:54:33+00:00
Menulog,Menulog,2026-07-06T05:55:16+00:00,2026-07-06T05:55:16+00:00
Metagenics Australia,Metagenics,2026-07-06T07:10:41+00:00,2026-07-06T07:10:41+00:00
Metagenics Australia,Metagenics Australia,2026-07-06T07:10:41+00:00,2026-07-06T07:10:41+00:00
Metro Petroleum,METRO PETROLEUM,2026-07-06T02:07:37+00:00,2026-07-06T02:07:37+00:00
Microsoft,MICROSOFT*3 MONTH SUBS 1000000001 74316015277,2026-07-06T01:34:08+00:00,2026-07-06T01:34:08+00:00
Microsoft,MICROSOFT*365 MSBILL,2026-07-06T01:34:08+00:00,2026-07-06T01:34:08+00:00
Microsoft,MICROSOFT*ADS,2026-07-06T01:34:08+00:00,2026-07-06T01:34:08+00:00
Microsoft,MICROSOFT*EA PLAY 1 MONTH,2026-07-06T01:34:08+00:00,2026-07-06T01:34:08+00:00
Microsoft,MICROSOFT*FORTNITE CRE,2026-07-06T01:34:08+00:00,2026-07-06T01:34:08+00:00
Microsoft,MICROSOFT*FORTNITE CRE 1000000001 74316015270,2026-07-06T01:34:08+00:00,2026-07-06T01:34:08+00:00
Microsoft,MICROSOFT*MICROSOFT 36,2026-07-06T01:34:08+00:00,2026-07-06T01:34:08+00:00
Microsoft,MICROSOFT*MICROSOFT 36 1000000001 09,2026-07-06T01:34:08+00:00,2026-07-06T01:34:08+00:00
Microsoft,MICROSOFT*MICROSOFT 36 1000000001 AU,2026-07-06T01:34:08+00:00,2026-07-06T01:34:08+00:00
Microsoft,MICROSOFT*MINECRAFT RE SYDNEY NS AUS Card xx9599 Value Date,2026-07-06T01:34:08+00:00,2026-07-06T01:34:08+00:00
Microsoft,MICROSOFT*MONTH SUBSCR 1000000001 74316015150,2026-07-06T01:34:08+00:00,2026-07-06T01:34:08+00:00
Microsoft,MICROSOFT*MONTH SUBSCR MSBILL,2026-07-06T01:34:08+00:00,2026-07-06T01:34:08+00:00
Microsoft,MICROSOFT*MONTH SUBSCRIMSBILL,2026-07-06T01:34:08+00:00,2026-07-06T01:34:08+00:00
Microsoft,MICROSOFT*NORTON SECUR MSBILL,2026-07-06T01:34:08+00:00,2026-07-06T01:34:08+00:00
Microsoft,MICROSOFT*ONE MONTH SU,2026-07-06T01:34:08+00:00,2026-07-06T01:34:08+00:00
Microsoft,MICROSOFT*ONLINE MEDIA 1000000001,2026-07-06T01:34:08+00:00,2026-07-06T01:34:08+00:00
Microsoft,MICROSOFT*ONLINE MEDIA PL MSBILL,2026-07-06T01:34:08+00:00,2026-07-06T01:34:08+00:00
Microsoft,MICROSOFT*PC GAME PASS 1000000001,2026-07-06T01:34:08+00:00,2026-07-06T01:34:08+00:00
Microsoft,MICROSOFT*R6 MEMBERSHI,2026-07-06T01:34:08+00:00,2026-07-06T01:34:08+00:00
Microsoft,MICROSOFT*REALMS JAVA 1000000001 23,2026-07-06T01:34:08+00:00,2026-07-06T01:34:08+00:00
Microsoft,MICROSOFT*ULTIMATE 1 M SYDNEY,2026-07-06T01:34:08+00:00,2026-07-06T01:34:08+00:00
Microsoft,MICROSOFT*XBOX GAME PA,2026-07-06T01:34:08+00:00,2026-07-06T01:34:08+00:00
Microsoft,MSFT,2026-07-06T01:34:21+00:00,2026-07-06T01:34:21+00:00
Microsoft,Microsoft,2026-07-03T03:13:27+00:00,2026-07-03T03:13:27+00:00
Microsoft,Microsoft Apps,2026-07-06T01:32:35+00:00,2026-07-06T01:32:35+00:00
Microsoft,Microsoft*14 Day Tr,2026-07-06T01:34:08+00:00,2026-07-06T01:34:08+00:00
Microsoft,Microsoft*14 Day Trial Msbill,2026-07-06T01:34:08+00:00,2026-07-06T01:34:08+00:00
Microsoft,Microsoft*14 Day Trial Re,2026-07-06T01:34:08+00:00,2026-07-06T01:34:08+00:00
Microsoft,Microsoft*14 Day Trial Remsbill,2026-07-06T01:34:08+00:00,2026-07-06T01:34:08+00:00
Microsoft,Microsoft*3 month subscrimsbill,2026-07-06T01:34:08+00:00,2026-07-06T01:34:08+00:00
Microsoft,Microsoft*Console 1 Msbill,2026-07-06T01:34:08+00:00,2026-07-06T01:34:08+00:00
Microsoft,Microsoft*EA Play 1 Mo msbill,2026-07-06T01:34:08+00:00,2026-07-06T01:34:08+00:00
Microsoft,Microsoft*ESO Plus 1 M msbill,2026-07-06T01:34:08+00:00,2026-07-06T01:34:08+00:00
Microsoft,Microsoft*Fortnite Crew,2026-07-06T01:34:08+00:00,2026-07-06T01:34:08+00:00
Microsoft,Microsoft*Lightroom Msbill,2026-07-06T01:34:08+00:00,2026-07-06T01:34:08+00:00
Microsoft,Microsoft*Marketplac 100000000,2026-07-06T01:34:08+00:00,2026-07-06T01:34:08+00:00
Microsoft,Microsoft*Marketplac Msbill,2026-07-06T01:34:08+00:00,2026-07-06T01:34:08+00:00
Microsoft,Microsoft*Microsoft 365 B,2026-07-06T01:34:08+00:00,2026-07-06T01:34:08+00:00
Microsoft,Microsoft*Microsoft 365 F,2026-07-06T01:34:08+00:00,2026-07-06T01:34:08+00:00
Microsoft,Microsoft*Microsoft 365 F msbill,2026-07-06T01:34:08+00:00,2026-07-06T01:34:08+00:00
Microsoft,Microsoft*Microsoft 365 Fmsbill,2026-07-06T01:34:08+00:00,2026-07-06T01:34:08+00:00
Microsoft,Microsoft*Microsoft 365 P,2026-07-06T01:34:08+00:00,2026-07-06T01:34:08+00:00
Microsoft,Microsoft*Microsoft 365 P msbill,2026-07-06T01:34:08+00:00,2026-07-06T01:34:08+00:00
Microsoft,Microsoft*Microsoft 365 Pmsbill,2026-07-06T01:34:08+00:00,2026-07-06T01:34:08+00:00
Microsoft,Microsoft*Minec,2026-07-06T01:34:08+00:00,2026-07-06T01:34:08+00:00
Microsoft,Microsoft*Month Subscriptmsbill,2026-07-06T01:34:08+00:00,2026-07-06T01:34:08+00:00
Microsoft,Microsoft*One Mont msbill,2026-07-06T01:34:08+00:00,2026-07-06T01:34:08+00:00
Microsoft,Microsoft*One Month 100000000,2026-07-06T01:34:08+00:00,2026-07-06T01:34:08+00:00
Microsoft,Microsoft*One Month Me msbill,2026-07-06T01:34:08+00:00,2026-07-06T01:34:08+00:00
Microsoft,Microsoft*One Month Membe msbi 2024,2026-07-06T01:34:08+00:00,2026-07-06T01:34:08+00:00
Microsoft,Microsoft*One Month Subsc,2026-07-06T01:34:08+00:00,2026-07-06T01:34:08+00:00
Microsoft,Microsoft*One Month with msbill,2026-07-06T01:34:08+00:00,2026-07-06T01:34:08+00:00
Microsoft,Microsoft*PC 1 Month msbill,2026-07-06T01:34:08+00:00,2026-07-06T01:34:08+00:00
Microsoft,Microsoft*PC Game Pass 1,2026-07-06T01:34:08+00:00,2026-07-06T01:34:08+00:00
Microsoft,Microsoft*Pc 1 Month,2026-07-06T01:34:08+00:00,2026-07-06T01:34:08+00:00
Microsoft,Microsoft*Pc Game Pa Msbill,2026-07-06T01:34:08+00:00,2026-07-06T01:34:08+00:00
Microsoft,Microsoft*R6 Me,2026-07-06T01:34:08+00:00,2026-07-06T01:34:08+00:00
Microsoft,Microsoft*R6 Membership,2026-07-06T01:34:08+00:00,2026-07-06T01:34:08+00:00
Microsoft,Microsoft*Realms 1 Month,2026-07-06T01:34:08+00:00,2026-07-06T01:34:08+00:00
Microsoft,Microsoft*Realms Java Edi,2026-07-06T01:34:08+00:00,2026-07-06T01:34:08+00:00
Microsoft,Microsoft*Realms Java msbill,2026-07-06T01:34:08+00:00,2026-07-06T01:34:08+00:00
Microsoft,Microsoft*Realms Plu Msbill,2026-07-06T01:34:08+00:00,2026-07-06T01:34:08+00:00
Microsoft,Microsoft*Realms Plus 1 M,2026-07-06T01:34:08+00:00,2026-07-06T01:34:08+00:00
Microsoft,Microsoft*Realms Plus Mon,2026-07-06T01:34:08+00:00,2026-07-06T01:34:08+00:00
Microsoft,Microsoft*Rust Server msbill,2026-07-06T01:34:08+00:00,2026-07-06T01:34:08+00:00
Microsoft,Microsoft*Skype Luxembourg LU,2026-07-06T01:34:08+00:00,2026-07-06T01:34:08+00:00
Microsoft,Microsoft*Standard 1 M msbill,2026-07-06T01:34:08+00:00,2026-07-06T01:34:08+00:00
Microsoft,Microsoft*Standard 1 Mont,2026-07-06T01:34:08+00:00,2026-07-06T01:34:08+00:00
Microsoft,Microsoft*Store,2026-07-06T01:34:08+00:00,2026-07-06T01:34:08+00:00
Microsoft,Microsoft*Store msbill,2026-07-06T01:34:08+00:00,2026-07-06T01:34:08+00:00
Microsoft,Microsoft*Subscription msbill,2026-07-06T01:34:08+00:00,2026-07-06T01:34:08+00:00
Microsoft,Microsoft*Ultimate 1 100000000,2026-07-06T01:34:08+00:00,2026-07-06T01:34:08+00:00
Microsoft,Microsoft*Ultimate 1 M msbill,2026-07-06T01:34:08+00:00,2026-07-06T01:34:08+00:00
Microsoft,Microsoft*Ultimate 1 Mont,2026-07-06T01:34:08+00:00,2026-07-06T01:34:08+00:00
Microsoft,Microsoft*Ultimate 1 Mont msbi 2024,2026-07-06T01:34:08+00:00,2026-07-06T01:34:08+00:00
Microsoft,Microsoft*Xbox,2026-07-06T01:34:08+00:00,2026-07-06T01:34:08+00:00
Microsoft,Microsoft*Xbox Game Msbill,2026-07-06T01:34:08+00:00,2026-07-06T01:34:08+00:00
Microsoft,Microsoft*Xbox Game Pa msbill,2026-07-06T01:34:08+00:00,2026-07-06T01:34:08+00:00
Microsoft,Microsoft*Xbox Game Pass,2026-07-06T01:34:08+00:00,2026-07-06T01:34:08+00:00
Microsoft,Microsoft*Xbox Game Pass msbi 2025,2026-07-06T01:34:08+00:00,2026-07-06T01:34:08+00:00
Microsoft,Microsoft*Xbox msbill,2026-07-06T01:34:08+00:00,2026-07-06T01:34:08+00:00
Microsoft,Microsoft*Yearly7daysFree,2026-07-06T01:34:08+00:00,2026-07-06T01:34:08+00:00
Microsoft Australia,Microsoft Australia,2026-07-06T07:10:41+00:00,2026-07-06T07:10:41+00:00
Mineral Resources,Mineral Resources,2026-07-06T07:10:41+00:00,2026-07-06T07:10:41+00:00
Minnippi Golf & Range,MINNIPPI GOLF & RANGE,2026-07-03T08:54:46+00:00,2026-07-03T08:54:46+00:00
Mitzu,Mitzu,2026-07-03T03:13:27+00:00,2026-07-03T03:13:27+00:00
Mobil,MOBIL,2026-07-03T08:45:32+00:00,2026-07-03T08:45:32+00:00
Mobil,MOBIL RURAL VIEW,2026-07-03T08:39:47+00:00,2026-07-03T08:39:47+00:00
Monadelphous,Monadelphous,2026-07-06T07:10:41+00:00,2026-07-06T07:10:41+00:00
Money3,Money 3,2026-07-06T03:27:15+00:00,2026-07-06T03:27:15+00:00
Money3,Money3,2026-07-06T03:27:46+00:00,2026-07-06T03:27:46+00:00
MoneyMe,Money me,2026-07-06T03:24:22+00:00,2026-07-06T03:24:22+00:00
MoneyMe,MoneyMe,2026-07-06T03:26:42+00:00,2026-07-06T03:26:42+00:00
MoneySpot,MoneySpot,2026-07-03T03:13:27+00:00,2026-07-03T03:13:27+00:00
MoneySpot,MoneySpot Finance,2026-07-03T03:13:27+00:00,2026-07-03T03:13:27+00:00
Monopoly GO,MONOPOLY GO,2026-07-06T03:18:44+00:00,2026-07-06T03:18:44+00:00
Montu Group Pty Ltd,MONTU GROUP PTY LTD,2026-07-03T08:13:21+00:00,2026-07-03T08:13:21+00:00
MyPayNow,MY PAY NOW,2026-07-06T01:32:02+00:00,2026-07-06T01:32:02+00:00
MyPayNow,MyPayNow,2026-07-03T03:13:27+00:00,2026-07-03T03:13:27+00:00
Myer,Myer,2026-07-06T05:49:03+00:00,2026-07-06T05:49:03+00:00
NAB,NAB,2026-07-06T07:10:41+00:00,2026-07-06T07:10:41+00:00
NOW Finance,Now Finance,2026-07-06T02:10:34+00:00,2026-07-06T02:10:34+00:00
NPC Cafe,NPC Cafe,2026-07-03T08:36:47+00:00,2026-07-03T08:36:47+00:00
NSW Health,NSW Health,2026-07-06T07:10:41+00:00,2026-07-06T07:10:41+00:00
NSW Nurses and Midwives' Association,NSW Nurses and Midwives' Association,2026-07-03T03:13:27+00:00,2026-07-03T03:13:27+00:00
NSW Nurses and Midwives' Association,Nswnma,2026-07-03T03:13:27+00:00,2026-07-03T03:13:27+00:00
Nando's,NANDOS,2026-07-06T03:06:05+00:00,2026-07-06T03:06:05+00:00
Nando's,nando s,2026-07-06T03:05:30+00:00,2026-07-06T03:05:30+00:00
Nando's Australia,Nando's Australia,2026-07-06T07:10:41+00:00,2026-07-06T07:10:41+00:00
National Heavy Vehicle Regulator,NHVR,2026-07-06T09:17:44+00:00,2026-07-06T09:17:44+00:00
National Heavy Vehicle Regulator,National Heavy Vehicle Regulator,2026-07-06T07:10:41+00:00,2026-07-06T07:10:41+00:00
Neds,NEDS.COM.AU,2026-07-06T06:48:42+00:00,2026-07-06T06:48:42+00:00
Netflix Australia,Netflix,2026-07-06T09:17:44+00:00,2026-07-06T09:17:44+00:00
Netflix Australia,Netflix Australia,2026-07-06T09:17:44+00:00,2026-07-06T09:17:44+00:00
Nike,Nike,2026-07-06T06:49:29+00:00,2026-07-06T06:49:29+00:00
Nikpol,Nikpol,2026-07-06T09:17:44+00:00,2026-07-06T09:17:44+00:00
Nimble,NIMBLE,2026-07-06T05:55:55+00:00,2026-07-06T05:55:55+00:00
Nintendo,Nintendo,2026-07-06T06:23:23+00:00,2026-07-06T06:23:23+00:00
Northern Health,Northern Health,2026-07-06T07:10:41+00:00,2026-07-06T07:10:41+00:00
Nrma Insurance,NRMA,2026-07-06T01:32:00+00:00,2026-07-06T01:32:00+00:00
Nrma Insurance,Nrma Insurance,2026-07-03T08:09:45+00:00,2026-07-03T08:09:45+00:00
OTR,OTR,2026-07-03T09:40:53+00:00,2026-07-03T09:40:53+00:00
Officeworks,OFFICEWORKS,2026-07-06T01:32:00+00:00,2026-07-06T01:32:00+00:00
Officeworks,OFFICEWORKS 0608,2026-07-03T08:56:35+00:00,2026-07-03T08:56:35+00:00
Officeworks,Office works,2026-07-06T01:34:21+00:00,2026-07-06T01:34:21+00:00
Oliver Brown,OLIVER BROWN,2026-07-06T03:11:01+00:00,2026-07-06T03:11:01+00:00
Oliver's,OLIVERS,2026-07-06T03:09:39+00:00,2026-07-06T03:09:39+00:00
Oliver's,OLIVERS REAL FOOD,2026-07-06T03:10:16+00:00,2026-07-06T03:10:16+00:00
Oliver's,oliver s,2026-07-06T03:08:57+00:00,2026-07-06T03:08:57+00:00
One Click Life,One Click Life,2026-07-06T07:10:41+00:00,2026-07-06T07:10:41+00:00
Oporto,OPORTO,2026-07-06T03:42:16+00:00,2026-07-06T03:42:16+00:00
Optus,Optus,2026-07-03T03:13:27+00:00,2026-07-03T03:13:27+00:00
Optus,Optus Billing,2026-07-03T03:13:27+00:00,2026-07-03T03:13:27+00:00
Origin Energy,ORIGIN,2026-07-06T03:43:07+00:00,2026-07-06T03:43:07+00:00
Origin Energy,ORIGIN ENERGY,2026-07-06T03:44:34+00:00,2026-07-06T03:44:34+00:00
Oz Lotteries,Oz Lotteries,2026-07-06T09:01:17+00:00,2026-07-06T09:01:17+00:00
Ozcare,Ozcare,2026-07-06T07:10:41+00:00,2026-07-06T07:10:41+00:00
Paddle,Paddle.Net,2026-07-06T02:22:43+00:00,2026-07-06T02:22:43+00:00
Palmerbet,PALMERBET,2026-07-06T05:56:16+00:00,2026-07-06T05:56:16+00:00
Panthera Finance,PANTHERA FINANCE,2026-07-06T02:18:01+00:00,2026-07-06T02:18:01+00:00
Panthers Penrith,Panthers Penrith,2026-07-03T03:13:27+00:00,2026-07-03T03:13:27+00:00
Panthers Penrith,Penrith Rugby League,2026-07-03T03:13:27+00:00,2026-07-03T03:13:27+00:00
Paramount+,PARAMOUNT PLUS,2026-07-06T01:32:01+00:00,2026-07-06T01:32:01+00:00
Paramount+,Paramount+,2026-07-03T03:13:27+00:00,2026-07-03T03:13:27+00:00
Paul's Cafe,Paul S Cafe,2026-07-03T08:15:33+00:00,2026-07-03T08:15:33+00:00
PayPal AU,PayPal,2026-07-06T09:17:44+00:00,2026-07-06T09:17:44+00:00
PayPal AU,PayPal AU,2026-07-06T09:17:44+00:00,2026-07-06T09:17:44+00:00
Penrith RSL,Penrith R S L,2026-07-03T03:13:27+00:00,2026-07-03T03:13:27+00:00
Penrith RSL,Penrith RSL,2026-07-03T03:13:27+00:00,2026-07-03T03:13:27+00:00
Pepper Money,PEPPER MONEY,2026-07-06T03:28:48+00:00,2026-07-06T03:28:48+00:00
Pet Circle,Pet Circle,2026-07-06T08:55:14+00:00,2026-07-06T08:55:14+00:00
Petbarn,Petbarn,2026-07-06T07:33:06+00:00,2026-07-06T07:33:06+00:00
Petbarn Elizabeth,PETBARN ELIZABETH,2026-07-06T03:14:51+00:00,2026-07-06T03:14:51+00:00
Petstock,PET STOCK,2026-07-06T01:34:21+00:00,2026-07-06T01:34:21+00:00
Petstock,PETSTOCK,2026-07-03T09:36:52+00:00,2026-07-03T09:36:52+00:00
Pharmacy 4 Less,PHARMACY4LESS,2026-07-06T03:04:04+00:00,2026-07-06T03:04:04+00:00
Pharmacy 4 Less,Pharmacy 4 Less,2026-07-06T03:02:26+00:00,2026-07-06T03:02:26+00:00
Phoenix Health Fund,PHOENIX HEALTH,2026-07-03T03:13:27+00:00,2026-07-03T03:13:27+00:00
Phoenix Health Fund,Phoenix Health Fund,2026-07-03T03:13:27+00:00,2026-07-03T03:13:27+00:00
Picklebet,Picklebet,2026-07-06T06:21:27+00:00,2026-07-06T06:21:27+00:00
Pilbara Iron,Pilbara Iron,2026-07-06T09:17:44+00:00,2026-07-06T09:17:44+00:00
Pineapple Hotel,PINEAPPLE HOTEL,2026-07-03T08:12:17+00:00,2026-07-03T08:12:17+00:00
Pioneer Credit,PIONEER CREDIT,2026-07-06T06:25:44+00:00,2026-07-06T06:25:44+00:00
Pirtek,Pirtek,2026-07-06T07:10:41+00:00,2026-07-06T07:10:41+00:00
Pizza Hut,PIZZA HUT,2026-07-03T09:52:16+00:00,2026-07-03T09:52:16+00:00
PlayStation,PlayStation,2026-07-06T05:47:39+00:00,2026-07-06T05:47:39+00:00
PlayUp,PlayUp,2026-07-06T05:57:20+00:00,2026-07-06T05:57:20+00:00
Plenti Finance,PLENTI FINANCE,2026-07-06T05:35:09+00:00,2026-07-06T05:35:09+00:00
Plus Fitness,Plus Fitness,2026-07-06T02:20:36+00:00,2026-07-06T02:20:36+00:00
Point Parking,POINT PARKING,2026-07-06T03:45:03+00:00,2026-07-06T03:45:03+00:00
PointsBet,PointsBet,2026-07-06T06:04:55+00:00,2026-07-06T06:04:55+00:00
Pool Systems,Pool Systems,2026-07-06T09:17:44+00:00,2026-07-06T09:17:44+00:00
Powershop,Powershop,2026-07-06T06:21:02+00:00,2026-07-06T06:21:02+00:00
PressPay,Press Pay,2026-07-03T09:41:12+00:00,2026-07-03T09:41:12+00:00
PressPay,PressPay,2026-07-03T09:42:27+00:00,2026-07-03T09:42:27+00:00
Prezzee,PREZZEE* PREZZEE/AU828,2026-07-03T07:55:49+00:00,2026-07-03T07:55:49+00:00
Prezzee,PREZZEE.COM.AU,2026-07-03T03:13:27+00:00,2026-07-03T03:13:27+00:00
Prezzee,Prezzee,2026-07-03T03:13:27+00:00,2026-07-03T03:13:27+00:00
Priceline Pharmacy,PRICELINE,2026-07-06T03:05:56+00:00,2026-07-06T03:05:56+00:00
Priceline Pharmacy,PRICELINE PHARMACY,2026-07-06T03:04:41+00:00,2026-07-06T03:04:41+00:00
Priwar,AWX*Priwar WR SSPH.SKILL,2026-07-03T07:21:33+00:00,2026-07-03T07:21:33+00:00
Puma Energy Australia,Puma Energy,2026-07-06T07:10:41+00:00,2026-07-06T07:10:41+00:00
Puma Energy Australia,Puma Energy Australia,2026-07-06T07:10:41+00:00,2026-07-06T07:10:41+00:00
Pump Up Fitness,Pumpup Fitness,2026-07-06T08:50:12+00:00,2026-07-06T08:50:12+00:00
QSuper,QSuper,2026-07-06T07:10:41+00:00,2026-07-06T07:10:41+00:00
Qantas,Qantas,2026-07-06T09:17:44+00:00,2026-07-06T09:17:44+00:00
Qantas Health Insurance,Qantas Health,2026-07-03T03:13:27+00:00,2026-07-03T03:13:27+00:00
Qantas Health Insurance,Qantas Health Insurance,2026-07-03T03:13:27+00:00,2026-07-03T03:13:27+00:00
Queensland Department of Transport and Main Roads,Queensland Department of Transport and Main Roads,2026-07-03T03:13:27+00:00,2026-07-03T03:13:27+00:00
Queensland Department of Transport and Main Roads,TRANSPORTMAINRDS,2026-07-03T03:13:27+00:00,2026-07-03T03:13:27+00:00
R & A Kumar,R & A Kumar,2026-07-03T03:13:27+00:00,2026-07-03T03:13:27+00:00
R & A Kumar,R AND A KUMAR PTY LTD,2026-07-03T03:13:27+00:00,2026-07-03T03:13:27+00:00
RACQ,RACQ,2026-07-03T09:47:29+00:00,2026-07-03T09:47:29+00:00
RACV,RACV,2026-07-06T07:10:41+00:00,2026-07-06T07:10:41+00:00
RAGE,RAGE,2026-07-06T06:48:22+00:00,2026-07-06T06:48:22+00:00
Raiz Invest,Raiz,2026-07-03T09:42:04+00:00,2026-07-03T09:42:04+00:00
Ravenswood Gold,Ravenswood Gold,2026-07-06T09:17:44+00:00,2026-07-06T09:17:44+00:00
Ray White,Ray White,2026-07-06T07:10:41+00:00,2026-07-06T07:10:41+00:00
Red Rooster,RED ROOSTER,2026-07-06T05:35:52+00:00,2026-07-06T05:35:52+00:00
Redcape Hotel Group,Redcape Hotel Group,2026-07-06T07:10:41+00:00,2026-07-06T07:10:41+00:00
Reddy Express,Reddy Express,2026-07-06T02:27:35+00:00,2026-07-06T02:27:35+00:00
Reebok,REEBOK,2026-07-06T06:46:52+00:00,2026-07-06T06:46:52+00:00
Reliance HR,Reliance HR,2026-07-06T07:10:41+00:00,2026-07-06T07:10:41+00:00
Repco,REPCO,2026-07-03T09:47:58+00:00,2026-07-03T09:47:58+00:00
Rex Airlines,REX AIRLINES,2026-07-06T08:58:51+00:00,2026-07-06T08:58:51+00:00
Rio Tinto,Rio Tinto,2026-07-06T07:10:41+00:00,2026-07-06T07:10:41+00:00
Ritchies,Ritchies,2026-07-03T03:13:27+00:00,2026-07-03T03:13:27+00:00
Roblox,Roblox,2026-07-06T06:44:53+00:00,2026-07-06T06:44:53+00:00
Rochedale Markets,ROCHEDALEMKT,2026-07-03T07:40:06+00:00,2026-07-03T07:40:06+00:00
Roll'd,Rolld,2026-07-06T05:41:05+00:00,2026-07-06T05:41:05+00:00
Roll'd,roll d,2026-07-06T05:40:30+00:00,2026-07-06T05:40:30+00:00
Romeo's Foodhall IGA,ROMEOS FOODHALL IGAQPS,2026-07-03T03:13:27+00:00,2026-07-03T03:13:27+00:00
Romeo's Foodhall IGA,Romeo's Foodhall IGA,2026-07-03T03:13:27+00:00,2026-07-03T03:13:27+00:00
Royal Match,ROYAL MATCH,2026-07-06T06:44:28+00:00,2026-07-06T06:44:28+00:00
Ruttley Services,Ipy*Ruttleyservices,2026-07-03T09:07:27+00:00,2026-07-03T09:07:27+00:00
SHEIN,SHEIN,2026-07-03T03:13:27+00:00,2026-07-03T03:13:27+00:00
SHEIN,SHEINCOM,2026-07-03T03:13:27+00:00,2026-07-03T03:13:27+00:00
SIXT Australia,SIXT,2026-07-06T07:10:41+00:00,2026-07-06T07:10:41+00:00
SIXT Australia,SIXT Australia,2026-07-06T07:10:41+00:00,2026-07-06T07:10:41+00:00
SPAR,SPAR,2026-07-03T09:52:32+00:00,2026-07-03T09:52:32+00:00
Santos,Santos,2026-07-06T07:10:41+00:00,2026-07-06T07:10:41+00:00
Schnitz,Schnitz,2026-07-06T05:52:01+00:00,2026-07-06T05:52:01+00:00
Scribd,Scribd.Com,2026-07-06T02:23:16+00:00,2026-07-06T02:23:16+00:00
Secure Parking,SECURE PARKING,2026-07-06T03:42:35+00:00,2026-07-06T03:42:35+00:00
Service NSW,Service NSW,2026-07-06T06:39:59+00:00,2026-07-06T06:39:59+00:00
Service NSW,Snsw,2026-07-06T06:40:55+00:00,2026-07-06T06:40:55+00:00
Seymour Whyte,Seymour Whyte,2026-07-06T07:10:41+00:00,2026-07-06T07:10:41+00:00
Shaver Shop,Shaver Shop,2026-07-06T03:39:50+00:00,2026-07-06T03:39:50+00:00
Shell,SHELL,2026-07-03T09:44:06+00:00,2026-07-03T09:44:06+00:00
Shell Coles Express,COLES EXPRESS,2026-07-06T02:06:32+00:00,2026-07-06T02:06:32+00:00
Shell Coles Express,Shell Coles,2026-07-06T02:04:09+00:00,2026-07-06T02:04:09+00:00
Shinbashi,Shinbashi,2026-07-06T07:10:41+00:00,2026-07-06T07:10:41+00:00
Shinbashi,Shinbashi Melbourne,2026-07-06T07:10:41+00:00,2026-07-06T07:10:41+00:00
Simply Energy,Simply Energy,2026-07-06T03:51:21+00:00,2026-07-06T03:51:21+00:00
Simpson Farms,Simpson Farms,2026-07-06T09:17:44+00:00,2026-07-06T09:17:44+00:00
Skyrich Club,Skyrich Club,2026-07-03T03:13:27+00:00,2026-07-03T03:13:27+00:00
Snap Fitness,SNAP FITNESS,2026-07-06T02:21:36+00:00,2026-07-06T02:21:36+00:00
SocietyOne,SOCIETY ONE,2026-07-06T03:19:34+00:00,2026-07-06T03:19:34+00:00
SocietyOne,SOCIETYONE,2026-07-06T03:22:08+00:00,2026-07-06T03:22:08+00:00
Sodexo,SODEXO REMOTE SITES,2026-07-03T09:38:25+00:00,2026-07-03T09:38:25+00:00
Spaceship,Spaceship,2026-07-06T06:59:13+00:00,2026-07-06T06:59:13+00:00
Sportsbet,SPORTSBET,2026-07-03T08:08:26+00:00,2026-07-03T08:08:26+00:00
Sportsbet,SPORTSBET WWW.SPORTS,2026-07-03T08:04:46+00:00,2026-07-03T08:04:46+00:00
Sportsbet,sports bet,2026-07-06T01:34:21+00:00,2026-07-06T01:34:21+00:00
Spotify,Spotify,2026-07-06T03:33:49+00:00,2026-07-06T03:33:49+00:00
Spotlight,SPOTLIGHT,2026-07-06T04:01:05+00:00,2026-07-06T04:01:05+00:00
Spudshed,SPUD SHED,2026-07-03T09:34:16+00:00,2026-07-03T09:34:16+00:00
Spywill Amusements,Spywill Amusements,2026-07-03T03:13:27+00:00,2026-07-03T03:13:27+00:00
St.George Bank,St.George Bank,2026-07-06T07:10:41+00:00,2026-07-06T07:10:41+00:00
Stahmann Webster,Stahmann Webster,2026-07-06T09:17:44+00:00,2026-07-06T09:17:44+00:00
Stake,Stake,2026-07-03T09:36:07+00:00,2026-07-03T09:36:07+00:00
Stan,STAN,2026-07-06T01:59:50+00:00,2026-07-06T01:59:50+00:00
Star Car Wash,STAR CAR WASH,2026-07-06T06:30:23+00:00,2026-07-06T06:30:23+00:00
Star Car Wash,STAR CARWASH,2026-07-06T06:31:06+00:00,2026-07-06T06:31:06+00:00
Starbucks,STARBUCKS,2026-07-06T06:51:45+00:00,2026-07-06T06:51:45+00:00
Staroly,STAROLY,2026-07-03T09:38:54+00:00,2026-07-03T09:38:54+00:00
Stripe,Stripe,2026-07-06T07:10:41+00:00,2026-07-06T07:10:41+00:00
Subway,Subway,2026-07-06T03:56:38+00:00,2026-07-06T03:56:38+00:00
Suncorp,Suncorp,2026-07-06T07:10:41+00:00,2026-07-06T07:10:41+00:00
Suncorp Stadium,SUNCORP STADIUM,2026-07-06T05:52:42+00:00,2026-07-06T05:52:42+00:00
Sunshine Communication,Sunshine Communication,2026-07-03T08:02:24+00:00,2026-07-03T08:02:24+00:00
Sunshine Loans,SUNSHINE REPAYME,2026-07-06T01:32:00+00:00,2026-07-06T01:32:00+00:00
Sunshine Loans,Sunshine Loan,2026-07-06T01:32:01+00:00,2026-07-06T01:32:01+00:00
Sunshine Loans,Sunshine Loans,2026-07-03T08:01:08+00:00,2026-07-03T08:01:08+00:00
Supercheap Auto,SUPER CHEAP AUTO,2026-07-03T09:50:36+00:00,2026-07-03T09:50:36+00:00
Supercheap Auto,SUPERCHEAP,2026-07-06T01:32:35+00:00,2026-07-06T01:32:35+00:00
Supercheap Auto,SUPERCHEAP AUTO,2026-07-03T09:50:53+00:00,2026-07-03T09:50:53+00:00
Superior Food Group,Superior Food Group,2026-07-06T07:10:41+00:00,2026-07-06T07:10:41+00:00
Sushi Haroo,Sushi Haroo,2026-07-03T09:33:24+00:00,2026-07-03T09:33:24+00:00
Sushi Hub,Sushi Hub,2026-07-06T02:08:23+00:00,2026-07-06T02:08:23+00:00
Sushi Sushi,SUSHI SUSHI,2026-07-06T02:07:07+00:00,2026-07-06T02:07:07+00:00
Swoosh Finance,Swoosh Finance,2026-07-03T03:13:27+00:00,2026-07-03T03:13:27+00:00
Sydney Tools,Sydney Tools,2026-07-06T05:40:07+00:00,2026-07-06T05:40:07+00:00
TAB,TAB,2026-07-03T03:13:27+00:00,2026-07-03T03:13:27+00:00
TAB,TAB LIMITED,2026-07-03T03:13:27+00:00,2026-07-03T03:13:27+00:00
TAB,TABTOUCH,2026-07-06T01:34:08+00:00,2026-07-06T01:34:08+00:00
TAB,Tabcorp,2026-07-06T01:32:00+00:00,2026-07-06T01:32:00+00:00
TAB,UBET,2026-07-06T01:34:08+00:00,2026-07-06T01:34:08+00:00
THE ICONIC,ICONIC,2026-07-06T01:34:21+00:00,2026-07-06T01:34:21+00:00
THE ICONIC,THE ICONIC,2026-07-03T09:54:12+00:00,2026-07-03T09:54:12+00:00
TK Maxx,TK MAXX,2026-07-03T09:49:54+00:00,2026-07-03T09:49:54+00:00
TPG Telecom,TPG,2026-07-03T09:47:43+00:00,2026-07-03T09:47:43+00:00
Target,TARGET,2026-07-06T01:52:41+00:00,2026-07-06T01:52:41+00:00
Taurus Motor Finance,TAURUS MOTOR FINANCE,2026-07-06T02:51:07+00:00,2026-07-06T02:51:07+00:00
Taurus Motor Finance,Taurus Motor Fin,2026-07-06T02:58:36+00:00,2026-07-06T02:58:36+00:00
Tech Mahindra,Tech Mahindra,2026-07-06T07:10:41+00:00,2026-07-06T07:10:41+00:00
Telstra,Telstra,2026-07-03T09:39:43+00:00,2026-07-03T09:39:43+00:00
Temu,TEMU,2026-07-06T04:00:47+00:00,2026-07-06T04:00:47+00:00
TerryWhite Chemmart,CHEMMART,2026-07-06T05:44:09+00:00,2026-07-06T05:44:09+00:00
TerryWhite Chemmart,TERRY WHITE,2026-07-06T05:43:49+00:00,2026-07-06T05:43:49+00:00
TerryWhite Chemmart,TERRY WHITE CHEMMART,2026-07-06T05:43:37+00:00,2026-07-06T05:43:37+00:00
TerryWhite Chemmart,TERRYWHITE,2026-07-06T05:44:01+00:00,2026-07-06T05:44:01+00:00
TerryWhite Chemmart,TERRYWHITE CHEMMART,2026-07-06T05:42:46+00:00,2026-07-06T05:42:46+00:00
The Coffee Club,COFFEE CLUB,2026-07-06T02:39:40+00:00,2026-07-06T02:39:40+00:00
The Coffee Club,THE COFFEE CLUB,2026-07-06T02:41:39+00:00,2026-07-06T02:41:39+00:00
The Good Guys,THE GOOD GUYS,2026-07-06T06:06:34+00:00,2026-07-06T06:06:34+00:00
The Good Guys,good guys,2026-07-06T06:16:06+00:00,2026-07-06T06:16:06+00:00
The Lott,Tatts Online,2026-07-06T07:23:32+00:00,2026-07-06T07:23:32+00:00
The Lott,The Lott,2026-07-06T07:10:41+00:00,2026-07-06T07:10:41+00:00
The Reject Shop,REJECT SHOP,2026-07-06T03:39:02+00:00,2026-07-06T03:39:02+00:00
The Reject Shop,THE REJECT SHOP,2026-07-06T03:38:02+00:00,2026-07-06T03:38:02+00:00
The Royal Melbourne Hospital,Melbourne Health,2026-07-06T07:10:41+00:00,2026-07-06T07:10:41+00:00
The Royal Melbourne Hospital,The Royal Melbourne Hospital,2026-07-06T07:10:41+00:00,2026-07-06T07:10:41+00:00
Thrifty,Thrifty,2026-07-06T06:54:25+00:00,2026-07-06T06:54:25+00:00
Tianqi Lithium Energy Australia,Tianqi Lithium,2026-07-06T07:10:41+00:00,2026-07-06T07:10:41+00:00
Tianqi Lithium Energy Australia,Tianqi Lithium Energy Australia,2026-07-06T07:10:41+00:00,2026-07-06T07:10:41+00:00
TikTok,TikTok,2026-07-06T06:41:18+00:00,2026-07-06T06:41:18+00:00
Timezone,TIMEZONE,2026-07-06T06:43:36+00:00,2026-07-06T06:43:36+00:00
Toca Boca,Toca Boca,2026-07-06T06:49:50+00:00,2026-07-06T06:49:50+00:00
Toca Boca,Toca Life,2026-07-06T06:49:00+00:00,2026-07-06T06:49:00+00:00
Too Good To Go,TGTG,2026-07-03T09:45:21+00:00,2026-07-03T09:45:21+00:00
Toon Blast,Toon Blast,2026-07-03T03:13:27+00:00,2026-07-03T03:13:27+00:00
Top Juice,Top Juice,2026-07-06T08:50:31+00:00,2026-07-06T08:50:31+00:00
Total Tools,TOTAL TOOLS,2026-07-06T05:39:10+00:00,2026-07-06T05:39:10+00:00
TotalAV,TOTALAV,2026-07-06T06:40:20+00:00,2026-07-06T06:40:20+00:00
Translink,TRANSLINK,2026-07-06T08:59:05+00:00,2026-07-06T08:59:05+00:00
Transport for NSW,Transport for NSW,2026-07-03T03:13:27+00:00,2026-07-03T03:13:27+00:00
Transport for NSW,Transportfornsw,2026-07-03T03:13:27+00:00,2026-07-03T03:13:27+00:00
Twitch,TWITCH,2026-07-06T06:53:06+00:00,2026-07-06T06:53:06+00:00
Twitch,Twitch Interactive,2026-07-06T06:53:15+00:00,2026-07-06T06:53:15+00:00
Twitch,"Twitch Interactive, Inc",2026-07-06T06:53:12+00:00,2026-07-06T06:53:12+00:00
U-Go,U GO YAMBA,2026-07-03T08:30:56+00:00,2026-07-03T08:30:56+00:00
U-Go,U Go,2026-07-06T01:34:21+00:00,2026-07-06T01:34:21+00:00
U-Go,UGO,2026-07-06T01:34:21+00:00,2026-07-06T01:34:21+00:00
Uber,UBER *EATS,2026-07-03T03:13:27+00:00,2026-07-03T03:13:27+00:00
Uber,UBER *ONE MEMBERSHIP,2026-07-03T08:08:07+00:00,2026-07-03T08:08:07+00:00
Uber,UBER *TRIP,2026-07-03T03:13:27+00:00,2026-07-03T03:13:27+00:00
Uber,UBER BV,2026-07-06T01:32:01+00:00,2026-07-06T01:32:01+00:00
Uber,UBERBV,2026-07-06T01:32:01+00:00,2026-07-06T01:32:01+00:00
Uber,Uber,2026-07-03T03:13:27+00:00,2026-07-03T03:13:27+00:00
Uber,Ubereats,2026-07-06T01:32:01+00:00,2026-07-06T01:32:01+00:00
Unibet,UNIBET,2026-07-06T06:31:00+00:00,2026-07-06T06:31:00+00:00
United Petroleum,UNITED,2026-07-03T03:13:27+00:00,2026-07-03T03:13:27+00:00
United Petroleum,UNITED PETROL,2026-07-06T01:32:35+00:00,2026-07-06T01:32:35+00:00
United Petroleum,United Petroleum,2026-07-03T03:13:27+00:00,2026-07-03T03:13:27+00:00
Universal Store,UNIVERSAL STORE,2026-07-06T02:32:35+00:00,2026-07-06T02:32:35+00:00
Vapiano Soul,VAPIANO SOUL,2026-07-06T09:10:22+00:00,2026-07-06T09:10:22+00:00
Vegastars Nicosia,Vegastars Nicosia,2026-07-03T09:12:51+00:00,2026-07-03T09:12:51+00:00
VendClub,VendClub,2026-07-03T03:13:27+00:00,2026-07-03T03:13:27+00:00
Ventia,Ventia,2026-07-06T07:10:41+00:00,2026-07-06T07:10:41+00:00
Vintage Cellars,VINTAGE CELLARS,2026-07-06T07:17:39+00:00,2026-07-06T07:17:39+00:00
Virgin Australia,VIRGIN AUSTRALIA,2026-07-06T08:58:30+00:00,2026-07-06T08:58:30+00:00
Vodafone,VODAFONE AUSTRALIA,2026-07-03T03:13:27+00:00,2026-07-03T03:13:27+00:00
Vodafone,Vodafone,2026-07-03T03:13:27+00:00,2026-07-03T03:13:27+00:00
Wagepay,Wagepay,2026-07-03T03:13:27+00:00,2026-07-03T03:13:27+00:00
Wagetap,Wagetap,2026-07-06T03:32:39+00:00,2026-07-06T03:32:39+00:00
Wallet Wizard,Wallet Wizard,2026-07-06T06:18:01+00:00,2026-07-06T06:18:01+00:00
WesTrac,WesTrac,2026-07-06T07:10:41+00:00,2026-07-06T07:10:41+00:00
Western Health,Western Health,2026-07-06T07:10:41+00:00,2026-07-06T07:10:41+00:00
Westpac,Westpac,2026-07-06T07:10:41+00:00,2026-07-06T07:10:41+00:00
Wilson & Bradley,Wilson & Bradley,2026-07-06T07:10:41+00:00,2026-07-06T07:10:41+00:00
Wilson Parking,WILSON PARKING,2026-07-06T03:43:38+00:00,2026-07-06T03:43:38+00:00
Wisr,Wisr,2026-07-06T05:50:02+00:00,2026-07-06T05:50:02+00:00
Woodside Energy,Woodside,2026-07-06T07:10:41+00:00,2026-07-06T07:10:41+00:00
Woodside Energy,Woodside Energy,2026-07-06T07:10:41+00:00,2026-07-06T07:10:41+00:00
Woolworths,WOOLIES,2026-07-03T07:03:30+00:00,2026-07-03T07:03:30+00:00
Woolworths,WOOLWORTH,2026-07-03T03:13:27+00:00,2026-07-03T03:13:27+00:00
Woolworths,WOOLWORTHS 4326,2026-07-03T07:52:27+00:00,2026-07-03T07:52:27+00:00
Woolworths,WW METRO,2026-07-03T08:00:39+00:00,2026-07-03T08:00:39+00:00
Woolworths,Woolworths,2026-07-03T03:13:27+00:00,2026-07-03T03:13:27+00:00
Woolworths,Woolworths Metro,2026-07-03T07:53:54+00:00,2026-07-03T07:53:54+00:00
Woolworths,Woolworths/Lakeside,2026-07-03T07:54:18+00:00,2026-07-03T07:54:18+00:00
Woolworths,Woolworths/Maxwell S,2026-07-03T07:38:02+00:00,2026-07-03T07:38:02+00:00
WorkPac,WorkPac,2026-07-06T07:10:41+00:00,2026-07-06T07:10:41+00:00
Workers Sports,Workers Sports,2026-07-03T03:13:27+00:00,2026-07-03T03:13:27+00:00
World Gym,World Gym,2026-07-03T09:49:31+00:00,2026-07-03T09:49:31+00:00
Xsolla,Xsolla,2026-07-06T06:45:11+00:00,2026-07-06T06:45:11+00:00
YMCA,YMCA,2026-07-03T09:51:37+00:00,2026-07-03T09:51:37+00:00
Yo-Chi,YOCHI,2026-07-06T03:30:49+00:00,2026-07-06T03:30:49+00:00
Yo-Chi,Yo-Chi,2026-07-06T03:30:23+00:00,2026-07-06T03:30:23+00:00
YouTube,Google YouTube,2026-07-06T01:32:01+00:00,2026-07-06T01:32:01+00:00
YouTube,YouTube,2026-07-03T03:13:27+00:00,2026-07-03T03:13:27+00:00
YouTube,YouTube Premium,2026-07-06T01:32:01+00:00,2026-07-06T01:32:01+00:00
Youfoodz,Youfoodz,2026-07-06T06:50:08+00:00,2026-07-06T06:50:08+00:00
Youi,Youi,2026-07-06T07:10:41+00:00,2026-07-06T07:10:41+00:00
Zambrero,ZAMBRERO,2026-07-06T03:38:23+00:00,2026-07-06T03:38:23+00:00
Zarraffa's Coffee,ZARRAFFAS,2026-07-06T03:15:22+00:00,2026-07-06T03:15:22+00:00
Zarraffa's Coffee,zarraffa s,2026-07-06T03:13:51+00:00,2026-07-06T03:13:51+00:00
Zenith Payments,ZENITH AUSTRALIA,2026-07-03T03:13:27+00:00,2026-07-03T03:13:27+00:00
Zenith Payments,Zenith Payments,2026-07-03T03:13:27+00:00,2026-07-03T03:13:27+00:00
Zing Pop Culture,ZING POP CULTURE,2026-07-06T06:52:48+00:00,2026-07-06T06:52:48+00:00
Zing Pop Culture,ZiNG,2026-07-06T06:53:09+00:00,2026-07-06T06:53:09+00:00
Zip,ZIP.CO,2026-07-06T06:29:19+00:00,2026-07-06T06:29:19+00:00
Zip,Zip,2026-07-06T07:10:41+00:00,2026-07-06T07:10:41+00:00
Zone Bowling,ZONE BOWLING,2026-07-06T06:45:38+00:00,2026-07-06T06:45:38+00:00
Zoom,Zoom,2026-07-06T08:57:32+00:00,2026-07-06T08:57:32+00:00
adidas,ADIDAS,2026-07-06T06:50:29+00:00,2026-07-06T06:50:29+00:00
amaysim,amaysim,2026-07-06T08:59:28+00:00,2026-07-06T08:59:28+00:00
bet365,BET 365,2026-07-03T03:13:27+00:00,2026-07-03T03:13:27+00:00
bet365,BET365.COM,2026-07-06T01:32:35+00:00,2026-07-06T01:32:35+00:00
bet365,bet365,2026-07-03T03:13:27+00:00,2026-07-03T03:13:27+00:00
bet365,bet365.com.au,2026-07-06T01:32:35+00:00,2026-07-06T01:32:35+00:00
dusk,DUSK,2026-07-03T09:51:51+00:00,2026-07-03T09:51:51+00:00
eBay,eBay,2026-07-06T05:31:53+00:00,2026-07-06T05:31:53+00:00
eBay Australia,eBay Australia,2026-07-06T07:10:41+00:00,2026-07-06T07:10:41+00:00
humm,HUMM,2026-07-06T06:18:58+00:00,2026-07-06T06:18:58+00:00
iHerb,iherb,2026-07-06T06:47:06+00:00,2026-07-06T06:47:06+00:00
iiNet,IINET,2026-07-03T09:53:07+00:00,2026-07-03T09:53:07+00:00
myki,MYKI,2026-07-03T09:53:49+00:00,2026-07-03T09:53:49+00:00
nib,nib,2026-07-06T09:11:56+00:00,2026-07-06T09:11:56+00:00
rebel,REBEL,2026-07-03T09:52:54+00:00,2026-07-03T09:52:54+00:00
rebel,REBEL SPORT,2026-07-03T09:53:23+00:00,2026-07-03T09:53:23+00:00
